,Subject,Sender,Sender ID,Body,Response,Q_res
0,Request for Zoom Meeting: Team Training,Uddipta Deka,<uddipta222000deka@gmail.com>,"Dear IOCL,

I hope this email finds you in good health. I am writing to request a Zoom meeting to conduct a team training session on volleyball. As our team continues to grow, it is crucial that we enhance our skills and knowledge in this area to ensure consistent performance and productivity.

I suggest the following details for the Zoom meeting:

Date: July 20, 2023
Time: 2:00 PM (GMT)
Duration: 1.5 hours

Please let me know if the proposed date and time are convenient for you. If not, I am open to alternative suggestions. Your participation in this training will greatly contribute to the development of our team, and I appreciate your support.

Thank you for your attention to this matter. I look forward to your positive response.

Warm regards,","Yes, but not certain","Sure, I can help you with that.

The mail body you provided does not explicitly mention Zoom, but it does mention the following details that are consistent with a Zoom meeting request:

* The meeting is to be conducted on July 20, 2023 at 2:00 PM GMT.
* The meeting is to last for 1.5 hours.
* The meeting is to be conducted using a video conferencing platform.

Based on these details, I would say that it is likely that the mail is a Zoom meeting request. However, it is possible that the meeting could be conducted using another video conferencing platform.

Therefore, my answer is: **{Yes, but not certain}**."
1,Request for Zoom Meeting: Project Discussion,Uddipta Deka,<uddipta222000deka@gmail.com>,"Dear IOCL,

I hope this email finds you well. I would like to request a Zoom meeting to discuss an important project that requires your input and guidance. The meeting will provide an opportunity to go over the project details, address any concerns, and ensure that we are aligned on the next steps.

I propose the following details for the Zoom meeting:

Date: July 12, 2023
Time: 10:00 AM (GMT)
Duration: 1 hour

Please let me know if the suggested date and time work for you, or if you have any alternative suggestions. I believe your expertise and insights will be invaluable to the success of this project, and I look forward to our discussion.

Thank you for considering my request. I appreciate your time and cooperation.

Best regards,",Yes,"**{Yes}**

The mail you provided clearly states that the sender is requesting a Zoom meeting to discuss an important project. The sender specifies the date, time, and duration of the meeting, and they also ask the recipient to let them know if the suggested time works for them. This is all very typical of a Zoom meeting request.

Here are some of the key phrases in the mail that indicate that it is a Zoom meeting request:

* ""I would like to request a Zoom meeting""
* ""The meeting will provide an opportunity to go over the project details, address any concerns, and ensure that we are aligned on the next steps""
* ""I propose the following details for the Zoom meeting: Date: July 12, 2023 Time: 10:00 AM (GMT) Duration: 1 hour""
* ""Please let me know if the suggested date and time work for you""

I hope this helps! Let me know if you have any other questions."
2,TestMail,Uddipta Deka,<uddipta222000deka@gmail.com>,This mail is sent only for testing purposes.,No,"The mail body you have provided does not mention Zoom or any other video conferencing platform, so it is not a Zoom meeting request. The mail body also does not mention any specific time or date for the meeting, so it is not possible to determine if the meeting is even scheduled.

Based on the information provided, the mail body is most likely a test email.

Therefore, my response is:

```
{No}
```"
